44	How much impact do masks have on preventing the spread of the COVID-19? How much impact do masks have on preventing the spread of the COVID-19? How much impact do masks have on preventing the spread of the COVID-19? How much impact do masks have on preventing the spread of the COVID-19? How much impact do masks have on preventing the spread of the COVID-19? Masks COVID-19 Spread Prevention Impact Efficacy Transmission Respiratory Droplets Community Transmission Public Health Infection Control Viral Particles Filter Efficiency Face Coverings Non-pharmaceutical Interventions
45	How has the COVID-19 pandemic impacted mental health? How has the COVID-19 pandemic impacted mental health? How has the COVID-19 pandemic impacted mental health? How has the COVID-19 pandemic impacted mental health? How has the COVID-19 pandemic impacted mental health? COVID-19 Pandemic Mental Health Impact Stress Anxiety Depression Isolation Quarantine Social Distancing Psychological Effects Well-being Coping Mechanisms Support Services Telehealth Health Anxiety Uncertainty Loneliness Economic Stress Substance Use
46	what evidence is there for dexamethasone as a treatment for COVID-19? what evidence is there for dexamethasone as a treatment for COVID-19? what evidence is there for dexamethasone as a treatment for COVID-19? what evidence is there for dexamethasone as a treatment for COVID-19? what evidence is there for dexamethasone as a treatment for COVID-19? Dexamethasone COVID-19 Treatment Evidence Clinical trials Randomized controlled trials (RCTs) Efficacy Mortality reduction Steroids Respiratory support Intensive care Severe cases Recovery trial Peer-reviewed studies Meta-analysis Systematic review Safety Dosage Administration Outcomes
47	what are the health outcomes for children who contract COVID-19? what are the health outcomes for children who contract COVID-19? what are the health outcomes for children who contract COVID-19? what are the health outcomes for children who contract COVID-19? what are the health outcomes for children who contract COVID-19? Children COVID-19 Health outcomes Pediatric Infection Symptoms Complications Long-term effects Recovery Morbidity Mortality Hospitalization Treatment Vaccination Immune response Transmission Severity Age-related outcomes Comorbidities Public health
48	what are the benefits and risks of re-opening schools in the midst of the COVID-19 pandemic? what are the benefits and risks of re-opening schools in the midst of the COVID-19 pandemic? what are the benefits and risks of re-opening schools in the midst of the COVID-19 pandemic? what are the benefits and risks of re-opening schools in the midst of the COVID-19 pandemic? what are the benefits and risks of re-opening schools in the midst of the COVID-19 pandemic? **Benefits** **Risks** **Re-opening schools** **COVID-19 pandemic** **Educational outcomes** **Social interaction** **Mental health** **Parental support** **Economic impact** **Vaccination rates** **Transmission rates** **Safety protocols** **Remote learning** **Childcare** **Public health guidelines** **Infection control** **Hybrid models** **Community spread
49	do individuals who recover from COVID-19 show sufficient immune response, including antibody levels and T-cell mediated immunity, to prevent re-infection? do individuals who recover from COVID-19 show sufficient immune response, including antibody levels and T-cell mediated immunity, to prevent re-infection? do individuals who recover from COVID-19 show sufficient immune response, including antibody levels and T-cell mediated immunity, to prevent re-infection? do individuals who recover from COVID-19 show sufficient immune response, including antibody levels and T-cell mediated immunity, to prevent re-infection? do individuals who recover from COVID-19 show sufficient immune response, including antibody levels and T-cell mediated immunity, to prevent re-infection? Certainly! Here is a list of keywords for the query **COVID-19 recovery** **Immune response** **Antibody levels** **T-cell mediated immunity** **Re-infection prevention** **Post-recovery immunity** **Immune memory** **SARS-CoV-2 antibodies** **Lymphocyte response** **Viral reinfection** **Immune protection** **Serological studies** **Immune cell activation** **Vaccine comparison**
50	"what is known about an mRNA vaccine for the SARS-CoV-2 virus? what is known about an mRNA vaccine for the SARS-CoV-2 virus? what is known about an mRNA vaccine for the SARS-CoV-2 virus? what is known about an mRNA vaccine for the SARS-CoV-2 virus? what is known about an mRNA vaccine for the SARS-CoV-2 virus? Certainly! Here is a list of keywords for the query ""what is known about an mRNA vaccine for the SARS-CoV-2 virus?"" mRNA vaccine SARS-CoV-2 COVID-19 Pfizer Moderna Vaccine efficacy Side effects Immune response mRNA technology Spike protein Clinical trials Approval Distribution Storage conditions Booster shots Variants Long-term effects"
10	has social distancing had an impact on slowing the spread of COVID-19? has social distancing had an impact on slowing the spread of COVID-19? has social distancing had an impact on slowing the spread of COVID-19? has social distancing had an impact on slowing the spread of COVID-19? has social distancing had an impact on slowing the spread of COVID-19? Social distancing Impact Slowing Spread COVID-19 Effectiveness Public health measures Infection rates Transmission Epidemiology Coronavirus Non-pharmaceutical interventions Disease control Physical distancing Pandemic response
11	what are the guidelines for triaging patients infected with coronavirus? what are the guidelines for triaging patients infected with coronavirus? what are the guidelines for triaging patients infected with coronavirus? what are the guidelines for triaging patients infected with coronavirus? what are the guidelines for triaging patients infected with coronavirus? Coronavirus COVID-19 Triage Patient assessment Clinical guidelines Emergency care Symptom evaluation Vital signs Isolation protocols Respiratory distress Oxygen saturation Infection control Healthcare providers Priority levels Treatment protocols Public health Pandemic response Medical screening Risk stratification Severity scoring
12	"what are best practices in hospitals and at home in maintaining quarantine? what are best practices in hospitals and at home in maintaining quarantine? what are best practices in hospitals and at home in maintaining quarantine? what are best practices in hospitals and at home in maintaining quarantine? what are best practices in hospitals and at home in maintaining quarantine? Certainly! Here’s a list of keywords for the query ""What are best practices in hospitals and at home in maintaining quarantine?"" Quarantine Best Practices Hospitals Home Isolation Infection Control Personal Protective Equipment (PPE) Hand Hygiene Disinfection Sanitization Social Distancing Mask Wearing Ventilation Contact Tracing Symptom Monitoring Waste Management Visitor Restrictions"
13	what are the transmission routes of coronavirus? what are the transmission routes of coronavirus? what are the transmission routes of coronavirus? what are the transmission routes of coronavirus? what are the transmission routes of coronavirus? Transmission routes Coronavirus SARS-CoV-2 Spread Infection Droplets Aerosols Airborne Contact Surfaces Fomites Close contact Respiratory Mucous membranes Eyes Nose Mouth Asymptomatic transmission Pre-symptomatic transmission Contaminated objects
14	what evidence is there related to COVID-19 super spreaders what evidence is there related to COVID-19 super spreaders what evidence is there related to COVID-19 super spreaders what evidence is there related to COVID-19 super spreaders what evidence is there related to COVID-19 super spreaders COVID-19 Super spreaders Evidence Transmission Outbreaks Viral load Contagion Cluster Epidemiology Public health Contact tracing Infection rate R0 (Basic reproduction number) Aerosol Droplets Environmental factors Immune response Social gatherings Indoor settings Mitigation strategies
15	how long can the coronavirus live outside the body how long can the coronavirus live outside the body how long can the coronavirus live outside the body how long can the coronavirus live outside the body how long can the coronavirus live outside the body coronavirus lifespan survival outside body environment surfaces air stability duration infectious viability temperature humidity
16	how long does coronavirus remain stable  on surfaces? how long does coronavirus remain stable  on surfaces? how long does coronavirus remain stable  on surfaces? how long does coronavirus remain stable  on surfaces? how long does coronavirus remain stable  on surfaces? Coronavirus Stability Surfaces Duration Virus Half-life Environmental Persistence Infectious Contamination Materials Time Viability Survival Degradation Decay Inactivation Exposure Temperature Humidity
17	are there any clinical trials available for the coronavirus are there any clinical trials available for the coronavirus are there any clinical trials available for the coronavirus are there any clinical trials available for the coronavirus are there any clinical trials available for the coronavirus Clinical trials Coronavirus COVID-19 Research studies Treatment Vaccines Recruitment Participants Medical research Health organizations Trials registry Pandemic response Therapeutics Interventional studies Observational studies
18	what are the best masks for preventing infection by Covid-19? what are the best masks for preventing infection by Covid-19? what are the best masks for preventing infection by Covid-19? what are the best masks for preventing infection by Covid-19? what are the best masks for preventing infection by Covid-19? Mask COVID-19 Infection Prevention N95 Surgical Mask Cloth Mask Respirator Filtration Efficiency Fit Testing Multi-layer Breathability Viral Filtration Efficiency (VFE) Particulate Filtration Efficiency (PFE) Fluid Resistance Reusability Disposability Face Shield Valve Mask Community Use
19	what type of hand sanitizer is needed to destroy Covid-19? what type of hand sanitizer is needed to destroy Covid-19? what type of hand sanitizer is needed to destroy Covid-19? what type of hand sanitizer is needed to destroy Covid-19? what type of hand sanitizer is needed to destroy Covid-19? Hand sanitizer COVID-19 Virus destruction Alcohol-based sanitizer Ethanol Isopropyl alcohol CDC recommendations Effective hand hygiene Antiviral Concentration levels
1	what is the origin of COVID-19 what is the origin of COVID-19 what is the origin of COVID-19 what is the origin of COVID-19 what is the origin of COVID-19 Origin COVID-19 Coronavirus SARS-CoV-2 Pandemic Outbreak Wuhan China Zoonotic Bats Wet Market Transmission Genetic Mutation Reservoir Host
2	how does the coronavirus respond to changes in the weather how does the coronavirus respond to changes in the weather how does the coronavirus respond to changes in the weather how does the coronavirus respond to changes in the weather how does the coronavirus respond to changes in the weather Coronavirus Weather Temperature Humidity Seasonality Virus stability Transmission rates Environmental factors Climate impact Respiratory viruses Infectiousness Outdoor conditions UV radiation Airborne spread Pandemic patterns
3	"will SARS-CoV2 infected people develop immunity? Is cross protection possible? will SARS-CoV2 infected people develop immunity? Is cross protection possible? will SARS-CoV2 infected people develop immunity? Is cross protection possible? will SARS-CoV2 infected people develop immunity? Is cross protection possible? will SARS-CoV2 infected people develop immunity? Is cross protection possible? Certainly! Here is a list of keywords for the query ""Will SARS-CoV-2 infected people develop immunity? Is cross protection possible?"" SARS-CoV-2 Infection Immunity Immune response Antibodies T-cells B-cells Immune memory Cross protection Cross-reactivity Coronaviruses Immune system Long-term immunity Serological tests Vaccine Vir"
4	what causes death from Covid-19? what causes death from Covid-19? what causes death from Covid-19? what causes death from Covid-19? what causes death from Covid-19? COVID-19 Causes Death Respiratory failure Pneumonia Acute respiratory distress syndrome (ARDS) Cytokine storm Blood clots Multi-organ failure Heart damage Immunodeficiency Underlying conditions Age Complications Inflammation
5	what drugs have been active against SARS-CoV or SARS-CoV-2 in animal studies? what drugs have been active against SARS-CoV or SARS-CoV-2 in animal studies? what drugs have been active against SARS-CoV or SARS-CoV-2 in animal studies? what drugs have been active against SARS-CoV or SARS-CoV-2 in animal studies? what drugs have been active against SARS-CoV or SARS-CoV-2 in animal studies? SARS-CoV SARS-CoV-2 Animal studies Antiviral drugs Therapeutic agents Preclinical research Viral inhibition Infection models Efficacy studies Drug candidates Antiviral activity Animal models SARS treatment Coronavirus inhibitors Experimental treatments
6	what types of rapid testing for Covid-19 have been developed? what types of rapid testing for Covid-19 have been developed? what types of rapid testing for Covid-19 have been developed? what types of rapid testing for Covid-19 have been developed? what types of rapid testing for Covid-19 have been developed? Rapid testing COVID-19 Antigen tests Molecular tests PCR tests Lateral flow tests Rapid diagnostic tests Point-of-care testing Saliva tests Nasal swabs Rapid turnaround Diagnostic accuracy Instant results At-home tests Serological tests Antibody tests Viral detection Emergency use authorization Portable testing devices Rapid response tests
7	are there serological tests that detect antibodies to coronavirus? are there serological tests that detect antibodies to coronavirus? are there serological tests that detect antibodies to coronavirus? are there serological tests that detect antibodies to coronavirus? are there serological tests that detect antibodies to coronavirus? Serological Tests Antibodies Coronavirus Detection Immunoassay SARS-CoV-2 COVID-19 Serology Diagnostic Blood Specificity Sensitivity ELISA Rapid Neutralizing
8	how has lack of testing availability led to underreporting of true incidence of Covid-19? how has lack of testing availability led to underreporting of true incidence of Covid-19? how has lack of testing availability led to underreporting of true incidence of Covid-19? how has lack of testing availability led to underreporting of true incidence of Covid-19? how has lack of testing availability led to underreporting of true incidence of Covid-19? Lack of testing Testing availability Underreporting True incidence Covid-19 Pandemic Public health Surveillance Case detection Infection rates Epidemiology Data collection Health systems Diagnostic testing Reporting bias
9	how has COVID-19 affected Canada how has COVID-19 affected Canada how has COVID-19 affected Canada how has COVID-19 affected Canada how has COVID-19 affected Canada COVID-19 Canada Impact Pandemic Cases Vaccinations Economic Health care Restrictions Lockdowns Unemployment Government response Travel Education Social distancing Public health Mental health Mortality Recovery Policy
20	are patients taking Angiotensin-converting enzyme inhibitors (ACE) at increased risk for COVID-19? are patients taking Angiotensin-converting enzyme inhibitors (ACE) at increased risk for COVID-19? are patients taking Angiotensin-converting enzyme inhibitors (ACE) at increased risk for COVID-19? are patients taking Angiotensin-converting enzyme inhibitors (ACE) at increased risk for COVID-19? are patients taking Angiotensin-converting enzyme inhibitors (ACE) at increased risk for COVID-19? Angiotensin-converting enzyme inhibitors (ACE inhibitors) COVID-19 Patients Risk ACEI Coronavirus Hypertension Cardiovascular disease Medication Drug safety Clinical outcomes Epidemiology SARS-CoV-2 Pulmonary effects Treatment Mortality Pre-existing conditions Renin-angiotensin system (RAS) Studies
21	"what are the mortality rates overall and in specific populations what are the mortality rates overall and in specific populations what are the mortality rates overall and in specific populations what are the mortality rates overall and in specific populations what are the mortality rates overall and in specific populations Certainly! Here is a list of keywords for the query ""what are the mortality rates overall and in specific populations"" Mortality Death Rates Overall Mortality Population-specific Mortality Demographic Data Age-specific Mortality Gender-specific Mortality Ethnicity-specific Mortality Geographic Mortality Rates Public Health Statistics Life Expectancy Causes of Death Epidemiology Health Disparities Risk Factors Life Tables"
22	are cardiac complications likely in patients with COVID-19? are cardiac complications likely in patients with COVID-19? are cardiac complications likely in patients with COVID-19? are cardiac complications likely in patients with COVID-19? are cardiac complications likely in patients with COVID-19? Cardiac Complications Patients COVID-19 Heart Risk Coronavirus Cardiovascular Disease Prevalence Mortality Comorbidities Infection Clinical Outcomes
23	what kinds of complications related to COVID-19 are associated with hypertension? what kinds of complications related to COVID-19 are associated with hypertension? what kinds of complications related to COVID-19 are associated with hypertension? what kinds of complications related to COVID-19 are associated with hypertension? what kinds of complications related to COVID-19 are associated with hypertension? COVID-19 Hypertension Complications Cardiovascular Pulmonary Renal Immune response Inflammation Thrombosis Blood pressure Mortality Severity Comorbidities Treatment Management
24	what kinds of complications related to COVID-19 are associated with diabetes what kinds of complications related to COVID-19 are associated with diabetes what kinds of complications related to COVID-19 are associated with diabetes what kinds of complications related to COVID-19 are associated with diabetes what kinds of complications related to COVID-19 are associated with diabetes Diabetes COVID-19 Complications Hyperglycemia Hypoglycemia Inflammation Immune Response Hospitalization Intensive Care Mortality Cardiovascular Disease Kidney Disease Respiratory Failure Sepsis Thrombosis Wound Healing Metabolic Syndrome Insulin Resistance Acute Respiratory Distress Syndrome (
25	"which biomarkers predict the severe clinical course of 2019-nCOV infection? which biomarkers predict the severe clinical course of 2019-nCOV infection? which biomarkers predict the severe clinical course of 2019-nCOV infection? which biomarkers predict the severe clinical course of 2019-nCOV infection? which biomarkers predict the severe clinical course of 2019-nCOV infection? Certainly! Here is a list of keywords for the query ""which biomarkers predict the severe clinical course of 2019-nCOV infection?"" Biomarkers Severe Clinical course 2019-nCOV COVID-19 SARS-CoV-2 Prognostic indicators Predictive factors Laboratory tests Inflammatory markers Cytokines CRP (C-reactive protein) IL-6 (Interle"
26	what are the initial symptoms of Covid-19? what are the initial symptoms of Covid-19? what are the initial symptoms of Covid-19? what are the initial symptoms of Covid-19? what are the initial symptoms of Covid-19? Initial Symptoms COVID-19 Early Signs Virus Infection Common First Appearance Health Respiratory
27	what is known about those infected with Covid-19 but are asymptomatic? what is known about those infected with Covid-19 but are asymptomatic? what is known about those infected with Covid-19 but are asymptomatic? what is known about those infected with Covid-19 but are asymptomatic? what is known about those infected with Covid-19 but are asymptomatic? Asymptomatic COVID-19 Infection Symptoms Transmission Viral Load Testing Prevalence Carriers Spread Immune Response Risk Factors Public Health Quarantine Isolation Contact Tracing Epidemiology Research Studies Incidence Long-term Effects
28	what evidence is there for the value of hydroxychloroquine in treating Covid-19? what evidence is there for the value of hydroxychloroquine in treating Covid-19? what evidence is there for the value of hydroxychloroquine in treating Covid-19? what evidence is there for the value of hydroxychloroquine in treating Covid-19? what evidence is there for the value of hydroxychloroquine in treating Covid-19? Hydroxychloroquine Evidence Treatment COVID-19 Clinical trials Efficacy Research studies Peer-reviewed Medication Antiviral Therapeutic Outcomes Mortality Safety Side effects Immunomodulatory Viral load Recovery Hospitalization Randomized controlled trials (RCTs)
29	which SARS-CoV-2 proteins-human proteins interactions indicate potential for drug targets. Are there approved drugs that can be repurposed based on this information? which SARS-CoV-2 proteins-human proteins interactions indicate potential for drug targets. Are there approved drugs that can be repurposed based on this information? which SARS-CoV-2 proteins-human proteins interactions indicate potential for drug targets. Are there approved drugs that can be repurposed based on this information? which SARS-CoV-2 proteins-human proteins interactions indicate potential for drug targets. Are there approved drugs that can be repurposed based on this information? which SARS-CoV-2 proteins-human proteins interactions indicate potential for drug targets. Are there approved drugs that can be repurposed based on this information? Sure! Here is a list of keywords for the query SARS-CoV-2 Proteins Human proteins Interactions Drug targets Approved drugs Repurposed drugs Therapeutic targets Viral proteins Host-virus interactions Potential treatments Clinical trials Antiviral drugs Protein-protein interactions Bioinformatics Molecular docking Mechanism of action Binding affinity
30	is remdesivir an effective treatment for COVID-19 is remdesivir an effective treatment for COVID-19 is remdesivir an effective treatment for COVID-19 is remdesivir an effective treatment for COVID-19 is remdesivir an effective treatment for COVID-19 Remdesivir COVID-19 Treatment Effectiveness Antiviral Clinical trials SARS-CoV-2 Pharmacotherapy Viral inhibition Health outcomes
31	How does the coronavirus differ from seasonal flu? How does the coronavirus differ from seasonal flu? How does the coronavirus differ from seasonal flu? How does the coronavirus differ from seasonal flu? How does the coronavirus differ from seasonal flu? Coronavirus Seasonal flu Differences Symptoms Transmission Severity Vaccination Treatment Incubation period Contagiousness Mortality rate Viral shedding Precautions Public health Pandemic Endemic Immunity Viral structure Diagnostic tests Global impact
32	Does SARS-CoV-2 have any subtypes, and if so what are they? Does SARS-CoV-2 have any subtypes, and if so what are they? Does SARS-CoV-2 have any subtypes, and if so what are they? Does SARS-CoV-2 have any subtypes, and if so what are they? Does SARS-CoV-2 have any subtypes, and if so what are they? SARS-CoV-2 Subtypes Variants Lineages Strains Genomic Classification Phylogenetic Mutations Genotypes
33	What vaccine candidates are being tested for Covid-19? What vaccine candidates are being tested for Covid-19? What vaccine candidates are being tested for Covid-19? What vaccine candidates are being tested for Covid-19? What vaccine candidates are being tested for Covid-19? Vaccine candidates COVID-19 vaccines Clinical trials Vaccine development Vaccine research SARS-CoV-2 vaccines Coronavirus vaccines Phase 1 trials Phase 2 trials Phase 3 trials Preclinical studies Vaccination Immunity Antiviral Pandemic response Vaccine efficacy Vaccine safety Immune response Global health Public health
34	What are the longer-term complications of those who recover from COVID-19? What are the longer-term complications of those who recover from COVID-19? What are the longer-term complications of those who recover from COVID-19? What are the longer-term complications of those who recover from COVID-19? What are the longer-term complications of those who recover from COVID-19? Post-COVID Syndrome Long COVID Chronic Fatigue Respiratory Issues Cardiac Complications Neurological Effects Cognitive Impairment Mental Health Disorders Lung Function Decline Heart Damage Blood Clots Kidney Injury Autoimmune Conditions Muscle Weakness Persistent Symptoms Quality of Life Recovery Time Post-Viral Syndrome Multisystem Inflammatory Syndrome
35	What new public datasets are available related to COVID-19? What new public datasets are available related to COVID-19? What new public datasets are available related to COVID-19? What new public datasets are available related to COVID-19? What new public datasets are available related to COVID-19? COVID-19 Public datasets New datasets Coronavirus data Pandemic data Health data Epidemiology SARS-CoV-2 Open data Research data Global health Disease surveillance Public health Genomic data Vaccination data Case reports Testing data Mobility data Symptom tracking Contact tracing
36	"What is the protein structure of the SARS-CoV-2 spike? What is the protein structure of the SARS-CoV-2 spike? What is the protein structure of the SARS-CoV-2 spike? What is the protein structure of the SARS-CoV-2 spike? What is the protein structure of the SARS-CoV-2 spike? Certainly! Here is a list of keywords for the query ""What is the protein structure of the SARS-CoV-2 spike?"" SARS-CoV-2 Spike protein Protein structure Coronavirus COVID-19 Protein folding Amino acids Receptor binding domain Cryo-EM X-ray crystallography N-terminal domain S1 subunit S2 subunit Fusion mechanism Glycosylation"
37	What is the result of phylogenetic analysis of SARS-CoV-2 genome sequence? What is the result of phylogenetic analysis of SARS-CoV-2 genome sequence? What is the result of phylogenetic analysis of SARS-CoV-2 genome sequence? What is the result of phylogenetic analysis of SARS-CoV-2 genome sequence? What is the result of phylogenetic analysis of SARS-CoV-2 genome sequence? Phylogenetic Analysis SARS-CoV-2 Genome Sequence Evolutionary Relationships Viral Lineages Genetic Variants Molecular Phylogeny Phylogenetic Tree Phylogenomics Genomic Epidemiology Coronavirus Sequence Alignment Phylogenetic Inference Genetic Diversity Ancestral Reconstructions Mutation Rates Phylogenetic Clustering Viral Evolution
38	What is the mechanism of inflammatory response and pathogenesis of COVID-19 cases? What is the mechanism of inflammatory response and pathogenesis of COVID-19 cases? What is the mechanism of inflammatory response and pathogenesis of COVID-19 cases? What is the mechanism of inflammatory response and pathogenesis of COVID-19 cases? What is the mechanism of inflammatory response and pathogenesis of COVID-19 cases? Inflammatory Response Pathogenesis COVID-19 Mechanism Immune System Cytokine Storm Viral Infection SARS-CoV-2 Inflammation Immune Cells T-Cells Macrophages Neutrophils Cytokines Interleukins Tumor Necrosis Factor (TNF) Acute Respiratory Distress Syndrome (ARDS
39	What is the mechanism of cytokine storm syndrome on the COVID-19? What is the mechanism of cytokine storm syndrome on the COVID-19? What is the mechanism of cytokine storm syndrome on the COVID-19? What is the mechanism of cytokine storm syndrome on the COVID-19? What is the mechanism of cytokine storm syndrome on the COVID-19? Cytokine storm Mechanism COVID-19 SARS-CoV-2 Immune response Inflammatory cytokines Hyperinflammation Pathogenesis Viral infection Immune dysregulation Acute respiratory distress syndrome (ARDS) Cytokine release syndrome (CRS) Immune cells Interleukins Tumor necrosis factor (TNF) Chemokines Lung injury Cellular immunity
40	"What are the observed mutations in the SARS-CoV-2 genome and how often do the mutations occur? What are the observed mutations in the SARS-CoV-2 genome and how often do the mutations occur? What are the observed mutations in the SARS-CoV-2 genome and how often do the mutations occur? What are the observed mutations in the SARS-CoV-2 genome and how often do the mutations occur? What are the observed mutations in the SARS-CoV-2 genome and how often do the mutations occur? Certainly! Here's a list of keywords for the query ""What are the observed mutations in the SARS-CoV-2 genome and how often do the mutations occur?"" SARS-CoV-2 Genome Mutations Observed Frequency Variants Genetic Mutation Rate RNA Virus Spike Protein Nucleotide Changes Genomic Surveillance Phylogenetic Analysis Mutation Prevalence Viral Evolution"
41	What are the impacts of COVID-19 among African-Americans that differ from the rest of the U.S. population? What are the impacts of COVID-19 among African-Americans that differ from the rest of the U.S. population? What are the impacts of COVID-19 among African-Americans that differ from the rest of the U.S. population? What are the impacts of COVID-19 among African-Americans that differ from the rest of the U.S. population? What are the impacts of COVID-19 among African-Americans that differ from the rest of the U.S. population? COVID-19 African-Americans Impacts Health disparities Racial disparities Infection rates Mortality rates Hospitalization rates Socioeconomic factors Access to healthcare Preexisting conditions Community transmission Essential workers Public health policies Vaccination rates Social determinants of health Cultural factors Discrimination Healthcare utilization Policy responses
42	Does Vitamin D impact COVID-19 prevention and treatment? Does Vitamin D impact COVID-19 prevention and treatment? Does Vitamin D impact COVID-19 prevention and treatment? Does Vitamin D impact COVID-19 prevention and treatment? Does Vitamin D impact COVID-19 prevention and treatment? Vitamin D COVID-19 Prevention Treatment Immune system Respiratory infections Supplements Deficiency Epidemiology Clinical trials Immunomodulatory effects Public health Mortality Recovery Vaccination Symptom severity Antiviral response Inflammation Risk factors Healthcare outcomes
43	How has the COVID-19 pandemic impacted violence in society, including violent crimes? How has the COVID-19 pandemic impacted violence in society, including violent crimes? How has the COVID-19 pandemic impacted violence in society, including violent crimes? How has the COVID-19 pandemic impacted violence in society, including violent crimes? How has the COVID-19 pandemic impacted violence in society, including violent crimes? COVID-19 Pandemic Violence Society Violent Crimes Impact Public Health Crime Rates Lockdowns Social Distancing Domestic Violence Economic Stress Mental Health Law Enforcement Community Safety Crime Trends Incarceration Substance Abuse Youth Violence Societal Changes
